url_path,views_total,views_unique
/tobbie/nodejs-chat-app/blob/main/package-lock.json,2,1
/tobbie/nodejs-chat-app/tree/main/src,2,1
/tobbie/nodejs-chat-app,1,1
/tobbie/nodejs-chat-app/blob/develop/CONTRIBUTING.md,1,1
/tobbie/nodejs-chat-app/blob/main/package.json,1,1
/tobbie/nodejs-chat-app/blob/main/public/js/chat.js,1,1
/tobbie/nodejs-chat-app/blob/main/src/index.js,1,1
/tobbie/nodejs-chat-app/blob/main/src/utils/messages.js,1,1
/tobbie/nodejs-chat-app/blob/main/src/utils/users.js,1,1
/tobbie/nodejs-chat-app/tree/main/public/js,1,1
